date,nickname,content,,,,
2025-09-01,happy_cat,너무 조아용,,,,
2025-09-01,summer22,습도가 높은 날에도 빨래가 잘 마르네요.,,,,
2025-09-01,windy77,생각보다 소음이 크지 않아서 밤에도 사용해요.,,,,
2025-09-01,sweetpea,디자인이 깔끔해서 인테리어랑 잘 어울립니다.,,,,
2025-09-01,moonlight,물통이 커서 자주 비우지 않아도 돼서 편해요.,,,,
2025-09-01,cloudy_day,이런거 만들고 월급 받냐?,,,,
2025-09-01,greenhouse,실내 화분 키울 때 곰팡이가 덜 생겨서 만족합니다.,,,,
2025-09-01,softwind,"세상에 70억 명의 LG 제습기 팬이 있다면, 나는 그들 중 한 명일 것이다.
세상에 1억 명의 LG 제습기 팬이 있다면, 나 또한 그들 중 한 명일 것이다.
세상에 천만 명의 LG 제습기 팬이 있다면, 나는 여전히 그들 중 한 명일 것이다.
세상에 백 명의 LG 제습기 팬이 있다면, 나는 아직도 그들 중 한 명일 것이다.
세상에 한 명의 LG 제습기 팬이 있다면, 그 사람은 아마도 나일 것이다.
세상에 단 한 명의 LG 제습기 팬도 없다면, 나는 그제서야 이 세상에 없는 것이다.

LG 제습기, 나의 사랑.
LG 제습기, 나의 빛.
LG 제습기, 나의 어둠.
LG 제습기, 나의 삶.
LG 제습기, 나의 기쁨.
LG 제습기, 나의 슬픔.
LG 제습기, 나의 안식.
LG 제습기, 나의 영혼.
LG 제습기, 나.",,,,
2025-09-01,coffeeholic,전기세가 생각보다 많이 안 나와서 안심했어요.,,,,
2025-09-01,blueberry,물통 비우는 표시가 확실해서 좋아요.,,,,
2025-09-01,brightstar,방이 금방 건조해져서 빨래 냄새가 안 나요.,,,,
2025-09-01,lemonade,리모컨이 있어서 멀리서도 조작하기 편리합니다.,,,,
2025-09-01,sunshine,연속 배수 호스를 연결할 수 있어서 편리해요.,,,,
2025-09-01,skypuppy,밤에 수면 모드로 돌리면 조용해서 좋아요.,,,,
2025-09-01,cherryblossom,처음에는 공장냄새? 기름 냄새가 조금 났지만 며칠 쓰니 괜찮아졌어요.,,,,
2025-09-01,flowerpot,여름 장마철에 특히 유용하네요.,,,,
2025-09-01,rainyday,다른 제습기들은 공기청정 기능까지 있던데… 이건 그런건 없나봐요?,,,,
2025-09-01,silverfox,이동 바퀴가 있어서 방마다 옮기기 좋습니다.,,,,
2025-09-01,snowflake,기대보다 제습 속도가 빨라서 만족해요. 밤에 빨래하고 다음날 아침이면 말라있어요!,,,,
2025-09-01,appletree,소음이 조금 커서 새벽엔 사용하기 힘들어요.,,,,
2025-09-01,starfish,빨래 건조 기능이 있어서 실내 건조할 때 좋아요.,,,,
2025-09-01,smilebear,상단에 손잡이가 있어서 물통 빼기 편리합니다.,,,,
2025-09-01,orangepie,개별로,,,,
2025-09-01,nightowl,작동음이 도서관에서 쓰기엔 좀 크네요. 회원분들 컴플레인이 들어와서 바로 당근했습니다…,,,,
2025-09-01,littletree,물통을 빼낼 때 물이 조금 튀는 게 아쉬워요.,,,,
2025-09-01,happydog,더 이상 에어컨을 틀지 않아도 집이 쾌적해서 너무 좋아요. 그런데 틀면 너무 더워요… 건식 사우나에 온 것 같은 느낌이 들 때도 있ㅇ요. 가을에 비오면 오히려 좋을지도…?,,,,
2025-09-01,blueocean,에너지 효율 등급이 높아서 오래 써도 좋아요.,,,,
2025-09-01,peachy,작은 원룸에서 쓰기에는 크기가 조금 큽니다.,,,,
2025-09-01,riverflow,장마철에 빨래 걱정이 확실히 줄었어요.,,,,
2025-09-01,calmsky,너무 무겁지 않아서 설치가 간단하고 바로 사용할 수 있었습니다.,,,,